FirstName,LastName,Email,Password,Phone,Address,RegistrationDate
John,Doe,john.doe@example.com,pass123,123-456-7890,123 Main St,2023-01-01 10:00:00
Jane,Smith,jane.smith@example.com,pass456,123-456-7891,456 Oak St,2023-01-02 11:00:00
Alice,Johnson,alice.johnson@example.com,pass789,123-456-7892,789 Pine St,2023-01-03 12:00:00
Bob,Brown,bob.brown@example.com,pass101,123-456-7893,101 Maple St,2023-01-04 13:00:00
Carol,White,carol.white@example.com,pass112,123-456-7894,112 Cedar St,2023-01-05 14:00:00
Dave,Green,dave.green@example.com,pass131,123-456-7895,131 Birch St,2023-01-06 15:00:00
Eve,Black,eve.black@example.com,pass415,123-456-7896,415 Spruce St,2023-01-07 16:00:00
Frank,Clark,frank.clark@example.com,pass162,123-456-7897,162 Elm St,2023-01-08 17:00:00
Grace,Lee,grace.lee@example.com,pass178,123-456-7898,178 Ash St,2023-01-09 18:00:00
Hank,Adams,hank.adams@example.com,pass194,123-456-7899,194 Willow St,2023-01-10 19:00:00
Ivy,Scott,ivy.scott@example.com,pass203,123-456-7800,203 Cherry St,2023-01-11 20:00:00
Jack,Evans,jack.evans@example.com,pass214,123-456-7801,214 Poplar St,2023-01-12 21:00:00
Kate,King,kate.king@example.com,pass225,123-456-7802,225 Hickory St,2023-01-13 22:00:00
Leo,Baker,leo.baker@example.com,pass236,123-456-7803,236 Magnolia St,2023-01-14 23:00:00
Mia,Walker,mia.walker@example.com,pass247,123-456-7804,247 Dogwood St,2023-01-15 00:00:00
Nick,Wright,nick.wright@example.com,pass258,123-456-7805,258 Fir St,2023-01-16 01:00:00
Olivia,Lopez,olivia.lopez@example.com,pass269,123-456-7806,269 Alder St,2023-01-17 02:00:00
Paul,Hall,paul.hall@example.com,pass270,123-456-7807,270 Cypress St,2023-01-18 03:00:00
Quinn,Young,quinn.young@example.com,pass281,123-456-7808,281 Redwood St,2023-01-19 04:00:00
Ray,Allen,ray.allen@example.com,pass292,123-456-7809,292 Beech St,2023-01-20 05:00:00
Sara,Hernandez,sara.hernandez@example.com,pass303,123-456-7810,303 Walnut St,2023-01-21 06:00:00
Tom,Morris,tom.morris@example.com,pass314,123-456-7811,314 Sycamore St,2023-01-22 07:00:00
Uma,Clark,uma.clark@example.com,pass325,123-456-7812,325 Linden St,2023-01-23 08:00:00
Vic,Robinson,vic.robinson@example.com,pass336,123-456-7813,336 Aspen St,2023-01-24 09:00:00
Wendy,Martinez,wendy.martinez@example.com,pass347,123-456-7814,347 Hemlock St,2023-01-25 10:00:00
Xander,Mitchell,xander.mitchell@example.com,pass358,123-456-7815,358 Sequoia St,2023-01-26 11:00:00
Yara,Campbell,yara.campbell@example.com,pass369,123-456-7816,369 Willow St,2023-01-27 12:00:00
Zack,Stewart,zack.stewart@example.com,pass370,123-456-7817,370 Cedar St,2023-01-28 13:00:00
Amy,Ross,amy.ross@example.com,pass381,123-456-7818,381 Maple St,2023-01-29 14:00:00
Bill,Reed,bill.reed@example.com,pass392,123-456-7819,392 Pine St,2023-01-30 15:00:00
Cindy,Morgan,cindy.morgan@example.com,pass403,123-456-7820,403 Oak St,2023-01-31 16:00:00
Dan,Kelly,dan.kelly@example.com,pass414,123-456-7821,414 Birch St,2023-02-01 17:00:00
Ella,Barnes,ella.barnes@example.com,pass425,123-456-7822,425 Elm St,2023-02-02 18:00:00
Fred,James,fred.james@example.com,pass436,123-456-7823,436 Spruce St,2023-02-03 19:00:00
Gina,Carter,gina.carter@example.com,pass447,123-456-7824,447 Ash St,2023-02-04 20:00:00
Hank,Phillips,hank.phillips@example.com,pass458,123-456-7825,458 Willow St,2023-02-05 21:00:00
Ivy,Howard,ivy.howard@example.com,pass469,123-456-7826,469 Cherry St,2023-02-06 22:00:00
Jackie,Scott,jackie.scott@example.com,pass470,123-456-7827,470 Poplar St,2023-02-07 23:00:00
Kenny,Collins,kenny.collins@example.com,pass481,123-456-7828,481 Hickory St,2023-02-08 00:00:00
Lily,Lee,lily.lee@example.com,pass492,123-456-7829,492 Magnolia St,2023-02-09 01:00:00
Mike,Perry,mike.perry@example.com,pass503,123-456-7830,503 Dogwood St,2023-02-10 02:00:00
Nina,Price,nina.price@example.com,pass514,123-456-7831,514 Fir St,2023-02-11 03:00:00
Oscar,Rogers,oscar.rogers@example.com,pass525,123-456-7832,525 Alder St,2023-02-12 04:00:00
Paula,Long,paula.long@example.com,pass536,123-456-7833,536 Cypress St,2023-02-13 05:00:00
Quincy,Ruiz,quincy.ruiz@example.com,pass547,123-456-7834,547 Redwood St,2023-02-14 06:00:00
Rita,Bennett,rita.bennett@example.com,pass558,123-456-7835,558 Beech St,2023-02-15 07:00:00
Sam,Foster,sam.foster@example.com,pass569,123-456-7836,569 Walnut St,2023-02-16 08:00:00
Tina,Ross,tina.ross@example.com,pass570,123-456-7837,570 Sycamore St,2023-02-17 09:00:00
